{
    "name": "root",
    "gauges": {
        "PushCollectorEvo.Policy.Entropy.mean": {
            "value": 1.399671196937561,
            "min": 1.3836145401000977,
            "max": 1.42542564868927,
            "count": 18
        },
        "PushCollectorEvo.Policy.ExtrinsicValueEstimate.mean": {
            "value": -0.07951823621988297,
            "min": -0.15103724598884583,
            "max": 0.007653431035578251,
            "count": 18
        },
        "PushCollectorEvo.Losses.ValueLoss.mean": {
            "value": 0.005313338711857796,
            "min": 0.0007766303606331348,
            "max": 0.02790382131934166,
            "count": 18
        },
        "PushCollectorEvo.Losses.PolicyLoss.mean": {
            "value": 0.07159104943275452,
            "min": 0.06731265038251877,
            "max": 0.07159104943275452,
            "count": 18
        },
        "PushCollectorEvo.Policy.LearningRate.mean": {
            "value": 0.0002475486835464835,
            "min": 0.0002475486835464835,
            "max": 0.0002984722377732396,
            "count": 18
        },
        "PushCollectorEvo.Policy.Epsilon.mean": {
            "value": 0.18251623213291168,
            "min": 0.18251623213291168,
            "max": 0.1994907259941101,
            "count": 18
        },
        "PushCollectorEvo.Policy.Beta.mean": {
            "value": 0.008253371343016624,
            "min": 0.008253371343016624,
            "max": 0.009949124418199062,
            "count": 18
        },
        "PushCollectorEvo.Environment.EpisodeLength.mean": {
            "value": 987.0428571428571,
            "min": 972.2972972972973,
            "max": 999.0,
            "count": 18
        },
        "PushCollectorEvo.Environment.CumulativeReward.mean": {
            "value": -0.8137565488400667,
            "min": -0.9303611482804021,
            "max": -0.6757838125969913,
            "count": 18
        },
        "PushCollectorEvo.Policy.ExtrinsicReward.mean": {
            "value": -0.8137565488400667,
            "min": -0.9303611482804021,
            "max": -0.6757838125969913,
            "count": 18
        },
        "PushCollectorEvo.IsTraining.mean": {
            "value": 1.0,
            "min": 1.0,
            "max": 1.0,
            "count": 18
        }
    },
    "metadata": {
        "timer_format_version": "0.1.0",
        "start_time_seconds": "1604463638",
        "python_version": "3.7.9 (default, Aug 31 2020, 17:10:11) [MSC v.1916 64 bit (AMD64)]",
        "command_line_arguments": "C:\\Users\\Brian\\anaconda3\\envs\\ml-agents-8\\Scripts\\mlagents-learn pushcollectorevo_config.yaml --run-id firstTouch --force",
        "mlagents_version": "0.21.1",
        "mlagents_envs_version": "0.21.1",
        "communication_protocol_version": "1.2.0",
        "tensorflow_version": "2.3.1",
        "numpy_version": "1.19.3",
        "end_time_seconds": "1604464153"
    },
    "total": 515.4890726,
    "count": 1,
    "self": 0.004264100000000326,
    "children": {
        "run_training.setup": {
            "total": 0.007628799999999991,
            "count": 1,
            "self": 0.007628799999999991
        },
        "TrainerController.start_learning": {
            "total": 515.4771797,
            "count": 1,
            "self": 0.6536095999980489,
            "children": {
                "TrainerController._reset_env": {
                    "total": 5.4208888,
                    "count": 1,
                    "self": 5.4208888
                },
                "TrainerController.advance": {
                    "total": 509.14455640000193,
                    "count": 25722,
                    "self": 0.3242830000044705,
                    "children": {
                        "env_step": {
                            "total": 508.82027339999746,
                            "count": 25722,
                            "self": 486.91032479999893,
                            "children": {
                                "SubprocessEnvManager._take_step": {
                                    "total": 21.578276700000288,
                                    "count": 25722,
                                    "self": 0.9945827000015441,
                                    "children": {
                                        "TFPolicy.evaluate": {
                                            "total": 20.583693999998744,
                                            "count": 25674,
                                            "self": 20.583693999998744
                                        }
                                    }
                                },
                                "workers": {
                                    "total": 0.33167189999826263,
                                    "count": 25721,
                                    "self": 0.0,
                                    "children": {
                                        "worker_root": {
                                            "total": 508.0262501000034,
                                            "count": 25721,
                                            "is_parallel": true,
                                            "self": 127.59981429999738,
                                            "children": {
                                                "steps_from_proto": {
                                                    "total": 0.0012769999999999726,
                                                    "count": 1,
                                                    "is_parallel": true,
                                                    "self": 0.00011289999999952727,
                                                    "children": {
                                                        "_process_vector_observation": {
                                                            "total": 0.0011641000000004453,
                                                            "count": 4,
                                                            "is_parallel": true,
                                                            "self": 0.0011641000000004453
                                                        }
                                                    }
                                                },
                                                "UnityEnvironment.step": {
                                                    "total": 380.425158800006,
                                                    "count": 25721,
                                                    "is_parallel": true,
                                                    "self": 7.847815200011155,
                                                    "children": {
                                                        "UnityEnvironment._generate_step_input": {
                                                            "total": 6.929626500002201,
                                                            "count": 25721,
                                                            "is_parallel": true,
                                                            "self": 6.929626500002201
                                                        },
                                                        "communicator.exchange": {
                                                            "total": 332.4841969999973,
                                                            "count": 25721,
                                                            "is_parallel": true,
                                                            "self": 332.4841969999973
                                                        },
                                                        "steps_from_proto": {
                                                            "total": 33.16352009999528,
                                                            "count": 25721,