{
    "name": "root",
    "metadata": {
        "timer_format_version": "0.1.0",
        "start_time_seconds": "1604520005",
        "python_version": "3.7.9 (default, Aug 31 2020, 17:10:11) [MSC v.1916 64 bit (AMD64)]",
        "command_line_arguments": "C:\\Users\\Brian\\anaconda3\\envs\\ml-agents-8\\Scripts\\mlagents-learn pushcollectorevo_config.yaml --run-id curiosity-discreteactions-notouchreward --force",
        "mlagents_version": "0.21.1",
        "mlagents_envs_version": "0.21.1",
        "communication_protocol_version": "1.2.0",
        "tensorflow_version": "2.3.1",
        "numpy_version": "1.19.3",
        "end_time_seconds": "1604520021"
    },
    "total": 15.696007199999999,
    "count": 1,
    "self": 0.00450790000000012,
    "children": {
        "run_training.setup": {
            "total": 0.006534899999999899,
            "count": 1,
            "self": 0.006534899999999899
        },
        "TrainerController.start_learning": {
            "total": 15.684964399999998,
            "count": 1,
            "self": 0.011073999999977602,
            "children": {
                "TrainerController._reset_env": {
                    "total": 7.708200099999999,
                    "count": 1,
                    "self": 7.708200099999999
                },
                "TrainerController.advance": {
                    "total": 7.613920700000021,
                    "count": 404,
                    "self": 0.004697900000003585,
                    "children": {
                        "env_step": {
                            "total": 7.609222800000017,
                            "count": 404,
                            "self": 7.058735800000019,
                            "children": {
                                "SubprocessEnvManager._take_step": {
                                    "total": 0.5459368000000033,
                                    "count": 404,
                                    "self": 0.014390899999993323,
                                    "children": {
                                        "TFPolicy.evaluate": {
                                            "total": 0.53154590000001,
                                            "count": 404,
                                            "self": 0.53154590000001
                                        }
                                    }
                                },
                                "workers": {
                                    "total": 0.004550199999995286,
                                    "count": 403,
                                    "self": 0.0,
                                    "children": {
                                        "worker_root": {
                                            "total": 8.721810699999983,
                                            "count": 403,
                                            "is_parallel": true,
                                            "self": 3.40103669999999,
                                            "children": {
                                                "steps_from_proto": {
                                                    "total": 0.0012078000000004252,
                                                    "count": 1,
                                                    "is_parallel": true,
                                                    "self": 0.0002185000000007875,
                                                    "children": {
                                                        "_process_vector_observation": {
                                                            "total": 0.0009892999999996377,
                                                            "count": 4,
                                                            "is_parallel": true,
                                                            "self": 0.0009892999999996377
                                                        }
                                                    }
                                                },
                                                "UnityEnvironment.step": {
                                                    "total": 5.319566199999993,
                                                    "count": 403,
                                                    "is_parallel": true,
                                                    "self": 0.10653539999998163,
                                                    "children": {
                                                        "UnityEnvironment._generate_step_input": {
                                                            "total": 0.09788699999999917,
                                                            "count": 403,
                                                            "is_parallel": true,
                                                            "self": 0.09788699999999917
                                                        },
                                                        "communicator.exchange": {
                                                            "total": 4.665408100000007,
                                                            "count": 403,
                                                            "is_parallel": true,
                                                            "self": 4.665408100000007
                                                        },
                                                        "steps_from_proto": {
                                                            "total": 0.44973570000000507,
                                                            "count": 403,
                                                            "is_parallel": true,
                                                            "self": 0.07610360000001926,
                                                            "children": {
                                                                "_process_vector_observation": {
                                                                    "total": 0.3736320999999858,
                                                                    "count": 1612,
                                                                    "is_parallel": true,
                                                                    "self": 0.3736320999999858
                                                                }
                                                            }
                                                        }
                                                    }
                                                }
                                            }
                                        }
                                    }
                                }
                            }
                        }
                    }
                },
                "trainer_threads": {
                    "total": 2.920000000017353e-05,
                    "count": 1,
                    "self": 2.920000000017353e-05,
                    "children": {
                        "thread_root": {
                            "total": 0.0,
                            "count": 0,
                            "is_parallel": true,
                            "self": 0.0,
                            "children": {
                                "trainer_advance": {
                                    "total": 7.619241700000012,
                                    "count": 307,
                                    "is_parallel": true,
                                    "self": 0.014438100000024434,
                                    "children": {
                                        "process_trajectory": {
                                            "total": 5.406941499999988,
                                            "count": 307,