{
    "name": "root",
    "gauges": {
        "PushCollectorAgentvsAgent.Policy.Entropy.mean": {
            "value": 1.6780638694763184,
            "min": 1.6780638694763184,
            "max": 1.7916980981826782,
            "count": 35
        },
        "PushCollectorAgentvsAgent.Policy.ExtrinsicValueEstimate.mean": {
            "value": -0.07406274974346161,
            "min": -0.07406274974346161,
            "max": 0.02307302877306938,
            "count": 45
        },
        "PushCollectorAgentvsAgent.IsTraining.mean": {
            "value": 1.0,
            "min": 1.0,
            "max": 1.0,
            "count": 45
        },
        "PushCollectorAgentvsAgent.Losses.ValueLoss.mean": {
            "value": 4.77616886200849e-05,
            "min": 4.17627852584701e-05,
            "max": 0.018679864704608917,
            "count": 17
        },
        "PushCollectorAgentvsAgent.Losses.PolicyLoss.mean": {
            "value": 0.016929294914007187,
            "min": 0.012514657340943813,
            "max": 0.02028200961649418,
            "count": 17
        },
        "PushCollectorAgentvsAgent.Policy.LearningRate.mean": {
            "value": 0.00030000004335306585,
            "min": 0.0003000000142492354,
            "max": 0.00030000010156072676,
            "count": 17
        },
        "PushCollectorAgentvsAgent.Policy.Epsilon.mean": {
            "value": 0.19999997317790985,
            "min": 0.19999997317790985,
            "max": 0.20000000298023224,
            "count": 17
        },
        "PushCollectorAgentvsAgent.Policy.Beta.mean": {
            "value": 0.004999999422580004,
            "min": 0.004999998956918716,
            "max": 0.004999999888241291,
            "count": 17
        },
        "PushCollectorAgentvsAgent.Environment.EpisodeLength.mean": {
            "value": 1199.0,
            "min": 1152.6521739130435,
            "max": 1199.0,
            "count": 18
        },
        "PushCollectorAgentvsAgent.Self-play.ELO.mean": {
            "value": 1121.8577264851788,
            "min": 1121.8577264851788,
            "max": 1194.364156378169,
            "count": 19
        },
        "PushCollectorAgentvsAgent.Environment.CumulativeReward.mean": {
            "value": -1.0000000596046448,
            "min": -1.7812500968575478,
            "max": -0.8786884585152501,
            "count": 19
        },
        "PushCollectorAgentvsAgent.Policy.ExtrinsicReward.mean": {
            "value": -1.0000000596046448,
            "min": -1.7812500968575478,
            "max": -0.8786884585152501,
            "count": 19
        }
    },
    "metadata": {
        "timer_format_version": "0.1.0",
        "start_time_seconds": "1607377409",
        "python_version": "3.7.9 (default, Aug 31 2020, 17:10:11) [MSC v.1916 64 bit (AMD64)]",
        "command_line_arguments": "C:\\Users\\Brian\\anaconda3\\envs\\ml-agents-8\\Scripts\\mlagents-learn pushcollectoragentvsagent.yaml --run-id stacked-raycast --force",
        "mlagents_version": "0.21.1",
        "mlagents_envs_version": "0.21.1",
        "communication_protocol_version": "1.2.0",
        "tensorflow_version": "2.3.1",
        "numpy_version": "1.19.3",
        "end_time_seconds": "1607378086"
    },
    "total": 677.1165354,
    "count": 1,
    "self": 0.004390899999862086,
    "children": {
        "run_training.setup": {
            "total": 0.005526299999999873,
            "count": 1,
            "self": 0.005526299999999873
        },
        "TrainerController.start_learning": {
            "total": 677.1066182000001,
            "count": 1,
            "self": 0.5617988999944146,
            "children": {
                "TrainerController._reset_env": {
                    "total": 9.013045000000027,
                    "count": 3,
                    "self": 9.013045000000027
                },
                "TrainerController.advance": {
                    "total": 667.1896208000056,
                    "count": 19999,
                    "self": 0.2537430999973367,
                    "children": {
                        "env_step": {
                            "total": 666.9358777000083,
                            "count": 19999,
                            "self": 619.5447190000101,
                            "children": {
                                "SubprocessEnvManager._take_step": {
                                    "total": 47.13526579999715,
                                    "count": 19999,
                                    "self": 1.4073084999906698,
                                    "children": {
                                        "TFPolicy.evaluate": {
                                            "total": 45.72795730000648,
                                            "count": 39974,
                                            "self": 45.72795730000648
                                        }
                                    }
                                },
                                "workers": {
                                    "total": 0.2558929000010277,
                                    "count": 19998,
                                    "self": 0.0,
                                    "children": {
                                        "worker_root": {
                                            "total": 668.3733045999999,
                                            "count": 19998,
                                            "is_parallel": true,
                                            "self": 136.3041997999959,
                                            "children": {
                                                "steps_from_proto": {
                                                    "total": 0.013723200000113067,
                                                    "count": 6,
                                                    "is_parallel": true,
                                                    "self": 0.0009869000001039296,
                                                    "children": {
                                                        "_process_vector_observation": {
                                                            "total": 0.012736300000009138,
                                                            "count": 12,
                                                            "is_parallel": true,
                                                            "self": 0.012736300000009138
                                                        }
                                                    }
                                                },
                                                "UnityEnvironment.step": {
                                                    "total": 532.0553816000039,
                                                    "count": 19998,
                                                    "is_parallel": true,
                                                    "self": 14.757270900009757,
                                                    "children": {
                                                        "UnityEnvironment._generate_step_input": {
                                                            "total": 6.264290099995106,
                                                            "count": 19998,
                                                            "is_parallel": true,
                                                            "self": 6.264290099995106
                                                        },
                                                        "communicator.exchange": {
                                                            "total": 416.5493478000057,
                                                            "count": 19998,
                                                            "is_parallel": true,