{
    "name": "root",
    "gauges": {
        "PushCollectorAgentvsAgent.Policy.Entropy.mean": {
            "value": 0.30980998277664185,
            "min": 0.30980998277664185,
            "max": 0.9874426126480103,
            "count": 23
        },
        "PushCollectorAgentvsAgent.Environment.EpisodeLength.mean": {
            "value": 599.0,
            "min": 506.1363636363636,
            "max": 599.0,
            "count": 23
        },
        "PushCollectorAgentvsAgent.Self-play.ELO.mean": {
            "value": 1109.4216334494295,
            "min": 1109.4216334494295,
            "max": 1197.5181601951513,
            "count": 23
        },
        "PushCollectorAgentvsAgent.Policy.ExtrinsicValueEstimate.mean": {
            "value": 0.11805593967437744,
            "min": 0.11805593967437744,
            "max": 21.916786193847656,
            "count": 23
        },
        "PushCollectorAgentvsAgent.Environment.CumulativeReward.mean": {
            "value": -1.0000001192092896,
            "min": -1.0513704783386655,
            "max": -0.6663969127195222,
            "count": 23
        },
        "PushCollectorAgentvsAgent.Policy.ExtrinsicReward.mean": {
            "value": -1.0000001192092896,
            "min": -1.0513704783386655,
            "max": -0.6663969127195222,
            "count": 23
        },
        "PushCollectorAgentvsAgent.IsTraining.mean": {
            "value": 1.0,
            "min": 1.0,
            "max": 1.0,
            "count": 23
        },
        "PushCollectorAgentvsAgent.Losses.ValueLoss.mean": {
            "value": 11.131239891052246,
            "min": 11.131239891052246,
            "max": 472.9369812011719,
            "count": 10
        },
        "PushCollectorAgentvsAgent.Losses.PolicyLoss.mean": {
            "value": 0.019836515188217163,
            "min": 0.013861938379704952,
            "max": 0.17405308783054352,
            "count": 10
        },
        "PushCollectorAgentvsAgent.Policy.LearningRate.mean": {
            "value": 0.0003000000724568963,
            "min": 0.00030000004335306585,
            "max": 0.0003000000724568963,
            "count": 10
        },
        "PushCollectorAgentvsAgent.Policy.Epsilon.mean": {
            "value": 0.19999998807907104,
            "min": 0.19999997317790985,
            "max": 0.19999998807907104,
            "count": 10
        },
        "PushCollectorAgentvsAgent.Policy.Beta.mean": {
            "value": 0.004999999422580004,
            "min": 0.004999999422580004,
            "max": 0.004999999422580004,
            "count": 10
        }
    },
    "metadata": {
        "timer_format_version": "0.1.0",
        "start_time_seconds": "1606873531",
        "python_version": "3.7.9 (default, Aug 31 2020, 17:10:11) [MSC v.1916 64 bit (AMD64)]",
        "command_line_arguments": "C:\\Users\\Brian\\anaconda3\\envs\\ml-agents-8\\Scripts\\mlagents-learn pushcollectoragentvsagent.yaml --run-id no-rays --force",
        "mlagents_version": "0.21.1",
        "mlagents_envs_version": "0.21.1",
        "communication_protocol_version": "1.2.0",
        "tensorflow_version": "2.3.1",
        "numpy_version": "1.19.3",
        "end_time_seconds": "1606873874"
    },
    "total": 343.0869129,
    "count": 1,
    "self": 0.0048803000000248176,
    "children": {
        "run_training.setup": {
            "total": 0.007173499999999944,
            "count": 1,
            "self": 0.007173499999999944
        },
        "TrainerController.start_learning": {
            "total": 343.07485909999997,
            "count": 1,
            "self": 0.7347016000016424,
            "children": {
                "TrainerController._reset_env": {
                    "total": 6.9978842999999955,
                    "count": 2,
                    "self": 6.9978842999999955
                },
                "TrainerController.advance": {
                    "total": 334.9943055999983,
                    "count": 27108,
                    "self": 0.3228042000008031,
                    "children": {
                        "env_step": {
                            "total": 334.6715013999975,
                            "count": 27108,
                            "self": 288.1122209000022,
                            "children": {
                                "SubprocessEnvManager._take_step": {
                                    "total": 46.214720599996966,
                                    "count": 27108,
                                    "self": 1.530931299998862,
                                    "children": {
                                        "TFPolicy.evaluate": {
                                            "total": 44.683789299998104,
                                            "count": 53828,
                                            "self": 44.683789299998104
                                        }
                                    }
                                },
                                "workers": {
                                    "total": 0.34455989999829484,
                                    "count": 27107,
                                    "self": 0.0,
                                    "children": {
                                        "worker_root": {
                                            "total": 336.24535760000146,
                                            "count": 27107,
                                            "is_parallel": true,
                                            "self": 92.31513819999907,
                                            "children": {
                                                "steps_from_proto": {
                                                    "total": 0.0011366999999466998,
                                                    "count": 4,
                                                    "is_parallel": true,
                                                    "self": 0.00045199999995571005,
                                                    "children": {
                                                        "_process_vector_observation": {
                                                            "total": 0.0006846999999909897,
                                                            "count": 8,
                                                            "is_parallel": true,
                                                            "self": 0.0006846999999909897
                                                        }
                                                    }
                                                },
                                                "UnityEnvironment.step": {
                                                    "total": 243.92908270000243,
                                                    "count": 27107,
                                                    "is_parallel": true,
                                                    "self": 3.8687690000056705,
                                                    "children": {
                                                        "UnityEnvironment._generate_step_input": {
                                                            "total": 4.283376599997965,
                                                            "count": 27107,
                                                            "is_parallel": true,
                                                            "self": 4.283376599997965
                                                        },
                                                        "communicator.exchange": {
                                                            "total": 220.87340060000224,
                                                            "count": 27107,
                                                            "is_parallel": true,