{
    "name": "root",
    "gauges": {
        "PushCollectorAgentvsAgent.Policy.Entropy.mean": {
            "value": 0.8388471007347107,
            "min": 0.7293487191200256,
            "max": 1.391732096672058,
            "count": 20
        },
        "PushCollectorAgentvsAgent.Environment.EpisodeLength.mean": {
            "value": 599.0,
            "min": 599.0,
            "max": 599.0,
            "count": 20
        },
        "PushCollectorAgentvsAgent.Self-play.ELO.mean": {
            "value": 1123.7597648504734,
            "min": 1123.7597648504734,
            "max": 1195.3265684683365,
            "count": 20
        },
        "PushCollectorAgentvsAgent.Policy.ExtrinsicValueEstimate.mean": {
            "value": 18.616464614868164,
            "min": 18.616464614868164,
            "max": 47.774444580078125,
            "count": 20
        },
        "PushCollectorAgentvsAgent.Environment.CumulativeReward.mean": {
            "value": -1.0000001192092896,
            "min": -1.0000001192092896,
            "max": -1.0000001192092896,
            "count": 20
        },
        "PushCollectorAgentvsAgent.Policy.ExtrinsicReward.mean": {
            "value": -1.0000001192092896,
            "min": -1.0000001192092896,
            "max": -1.0000001192092896,
            "count": 20
        },
        "PushCollectorAgentvsAgent.IsTraining.mean": {
            "value": 1.0,
            "min": 1.0,
            "max": 1.0,
            "count": 20
        },
        "PushCollectorAgentvsAgent.Losses.ValueLoss.mean": {
            "value": 20.02072525024414,
            "min": 20.02072525024414,
            "max": 112.34699249267578,
            "count": 9
        },
        "PushCollectorAgentvsAgent.Losses.PolicyLoss.mean": {
            "value": 0.03616106137633324,
            "min": 0.016868047416210175,
            "max": 0.15066909790039062,
            "count": 9
        },
        "PushCollectorAgentvsAgent.Policy.LearningRate.mean": {
            "value": 0.00030000004335306585,
            "min": 0.00030000004335306585,
            "max": 0.00030000004335306585,
            "count": 9
        },
        "PushCollectorAgentvsAgent.Policy.Epsilon.mean": {
            "value": 0.19999997317790985,
            "min": 0.19999997317790985,
            "max": 0.19999997317790985,
            "count": 9
        },
        "PushCollectorAgentvsAgent.Policy.Beta.mean": {
            "value": 0.004999999422580004,
            "min": 0.004999999422580004,
            "max": 0.004999999422580004,
            "count": 9
        }
    },
    "metadata": {
        "timer_format_version": "0.1.0",
        "start_time_seconds": "1607214471",
        "python_version": "3.7.9 (default, Aug 31 2020, 17:10:11) [MSC v.1916 64 bit (AMD64)]",
        "command_line_arguments": "C:\\Users\\Brian\\anaconda3\\envs\\ml-agents-8\\Scripts\\mlagents-learn pushcollectoragentvsagent.yaml --run-id add-reward-less-force --force",
        "mlagents_version": "0.21.1",
        "mlagents_envs_version": "0.21.1",
        "communication_protocol_version": "1.2.0",
        "tensorflow_version": "2.3.1",
        "numpy_version": "1.19.3",
        "end_time_seconds": "1607214824"
    },
    "total": 353.1978324,
    "count": 1,
    "self": 0.005340199999977813,
    "children": {
        "run_training.setup": {
            "total": 0.00673350000000017,
            "count": 1,
            "self": 0.00673350000000017
        },
        "TrainerController.start_learning": {
            "total": 353.1857587,
            "count": 1,
            "self": 0.6600956999992036,
            "children": {
                "TrainerController._reset_env": {
                    "total": 5.705649899999983,
                    "count": 2,
                    "self": 5.705649899999983
                },
                "TrainerController.advance": {
                    "total": 346.49414050000087,
                    "count": 23281,
                    "self": 0.2908774000002836,
                    "children": {
                        "env_step": {
                            "total": 346.2032631000006,
                            "count": 23281,
                            "self": 303.45494550000035,
                            "children": {
                                "SubprocessEnvManager._take_step": {
                                    "total": 42.43914370000134,
                                    "count": 23281,
                                    "self": 1.3699068000023686,
                                    "children": {
                                        "TFPolicy.evaluate": {
                                            "total": 41.06923689999897,
                                            "count": 46562,
                                            "self": 41.06923689999897
                                        }
                                    }
                                },
                                "workers": {
                                    "total": 0.3091738999988758,
                                    "count": 23280,
                                    "self": 0.0,
                                    "children": {
                                        "worker_root": {
                                            "total": 347.7377905999985,
                                            "count": 23280,
                                            "is_parallel": true,
                                            "self": 83.32593809999787,
                                            "children": {
                                                "steps_from_proto": {
                                                    "total": 0.0019833000000542,
                                                    "count": 4,
                                                    "is_parallel": true,
                                                    "self": 0.00046960000006812663,
                                                    "children": {
                                                        "_process_vector_observation": {
                                                            "total": 0.0015136999999860734,
                                                            "count": 16,
                                                            "is_parallel": true,
                                                            "self": 0.0015136999999860734
                                                        }
                                                    }
                                                },
                                                "UnityEnvironment.step": {
                                                    "total": 264.40986920000057,
                                                    "count": 23280,
                                                    "is_parallel": true,
                                                    "self": 4.9191334000053075,
                                                    "children": {
                                                        "UnityEnvironment._generate_step_input": {
                                                            "total": 3.602203399997535,
                                                            "count": 23280,
                                                            "is_parallel": true,
                                                            "self": 3.602203399997535
                                                        },
                                                        "communicator.exchange": {
                                                            "total": 231.8216790999983,
                                                            "count": 23280,
                                                            "is_parallel": true,