{
    "name": "root",
    "gauges": {
        "PushCollector.Policy.Entropy.mean": {
            "value": 1.424454927444458,
            "min": 1.359802007675171,
            "max": 1.432739496231079,
            "count": 227
        },
        "PushCollector.Environment.EpisodeLength.mean": {
            "value": 62.890243902439025,
            "min": 39.60588235294118,
            "max": 916.5,
            "count": 227
        },
        "PushCollector.Policy.ExtrinsicValueEstimate.mean": {
            "value": 1.3586007356643677,
            "min": -0.13279373943805695,
            "max": 1.8084721565246582,
            "count": 227
        },
        "PushCollector.Environment.CumulativeReward.mean": {
            "value": 2.1868787893969,
            "min": -0.6793163975372034,
            "max": 2.8102456957050084,
            "count": 227
        },
        "PushCollector.Policy.ExtrinsicReward.mean": {
            "value": 2.1868787893969,
            "min": -0.6793163975372034,
            "max": 2.8102456957050084,
            "count": 227
        },
        "PushCollector.Losses.ValueLoss.mean": {
            "value": 0.16359944641590118,
            "min": 0.0010162722319364548,
            "max": 0.43660441040992737,
            "count": 227
        },
        "PushCollector.Losses.PolicyLoss.mean": {
            "value": 0.06359982490539551,
            "min": 0.05715721845626831,
            "max": 0.07821452617645264,
            "count": 227
        },
        "PushCollector.Policy.LearningRate.mean": {
            "value": 0.00013011413102503866,
            "min": 0.00013011413102503866,
            "max": 0.000299604405881837,
            "count": 227
        },
        "PushCollector.Policy.Epsilon.mean": {
            "value": 0.1433713585138321,
            "min": 0.1433713585138321,
            "max": 0.1998681128025055,
            "count": 227
        },
        "PushCollector.Policy.Beta.mean": {
            "value": 0.004342798609286547,
            "min": 0.004342798609286547,
            "max": 0.009986825287342072,
            "count": 227
        },
        "PushCollector.IsTraining.mean": {
            "value": 1.0,
            "min": 1.0,
            "max": 1.0,
            "count": 227
        }
    },
    "metadata": {
        "timer_format_version": "0.1.0",
        "start_time_seconds": "1603244044",
        "python_version": "3.7.9 (default, Aug 31 2020, 17:10:11) [MSC v.1916 64 bit (AMD64)]",
        "command_line_arguments": "C:\\Users\\Brian\\anaconda3\\envs\\ml-agents-1.4\\Scripts\\mlagents-learn ./pushcollector_config.yaml --run-id pushcollector-new-fixed --force",
        "mlagents_version": "0.20.0",
        "mlagents_envs_version": "0.20.0",
        "communication_protocol_version": "1.1.0",
        "tensorflow_version": "2.3.1",
        "numpy_version": "1.19.2",
        "end_time_seconds": "1603245167"
    },
    "total": 1123.116007,
    "count": 1,
    "self": 0.004141000000117856,
    "children": {
        "run_training.setup": {
            "total": 0.005299300000000118,
            "count": 1,
            "self": 0.005299300000000118
        },
        "TrainerController.start_learning": {
            "total": 1123.1065667,
            "count": 1,
            "self": 2.1166286000113814,
            "children": {
                "TrainerController._reset_env": {
                    "total": 6.5243372,
                    "count": 1,
                    "self": 6.5243372
                },
                "TrainerController.advance": {
                    "total": 1114.2136734999885,
                    "count": 93196,
                    "self": 1.0575433999865709,
                    "children": {
                        "env_step": {
                            "total": 1113.156130100002,
                            "count": 93196,
                            "self": 1057.7175509000285,
                            "children": {
                                "SubprocessEnvManager._take_step": {
                                    "total": 54.32496069998679,
                                    "count": 93196,
                                    "self": 2.58418299999321,
                                    "children": {
                                        "TFPolicy.evaluate": {
                                            "total": 51.74077769999358,
                                            "count": 71261,
                                            "self": 51.74077769999358
                                        }
                                    }
                                },
                                "workers": {
                                    "total": 1.1136184999865968,
                                    "count": 93195,
                                    "self": 0.0,
                                    "children": {
                                        "worker_root": {
                                            "total": 1114.9216606000036,
                                            "count": 93195,
                                            "is_parallel": true,
                                            "self": 294.4852106000178,
                                            "children": {
                                                "steps_from_proto": {
                                                    "total": 0.0011233000000006044,
                                                    "count": 1,
                                                    "is_parallel": true,
                                                    "self": 0.00014529999999890464,
                                                    "children": {
                                                        "_process_vector_observation": {
                                                            "total": 0.0009780000000016997,
                                                            "count": 4,
                                                            "is_parallel": true,
                                                            "self": 0.0009780000000016997
                                                        }
                                                    }
                                                },
                                                "UnityEnvironment.step": {
                                                    "total": 820.4353266999858,
                                                    "count": 93195,
                                                    "is_parallel": true,
                                                    "self": 19.13838409997811,
                                                    "children": {
                                                        "UnityEnvironment._generate_step_input": {
                                                            "total": 17.493876000003493,
                                                            "count": 93195,
                                                            "is_parallel": true,
                                                            "self": 17.493876000003493
                                                        },
                                                        "communicator.exchange": {
                                                            "total": 712.565545699996,
                                                            "count": 93195,
                                                            "is_parallel": true,
                                                            "self": 712.565545699996
                                                        },
                                                        "steps_from_proto": {
                                                            "total": 71.2375209000081,
                                                            "count": 93195,