{
    "name": "root",
    "gauges": {
        "PushCollectorAgentvsAgent.Policy.Entropy.mean": {
            "value": 0.42430049180984497,
            "min": 0.26868900656700134,
            "max": 0.9548873901367188,
            "count": 140
        },
        "PushCollectorAgentvsAgent.Environment.EpisodeLength.mean": {
            "value": 556.0555555555555,
            "min": 504.77142857142854,
            "max": 599.0,
            "count": 140
        },
        "PushCollectorAgentvsAgent.Self-play.ELO.mean": {
            "value": 728.5101113242297,
            "min": 728.5101113242297,
            "max": 1195.3265684683365,
            "count": 140
        },
        "PushCollectorAgentvsAgent.Policy.ExtrinsicValueEstimate.mean": {
            "value": -0.5452301502227783,
            "min": -1.446386456489563,
            "max": 11.067492485046387,
            "count": 140
        },
        "PushCollectorAgentvsAgent.Environment.CumulativeReward.mean": {
            "value": -0.9637223217222426,
            "min": -1.054137366659501,
            "max": -0.704416760802269,
            "count": 140
        },
        "PushCollectorAgentvsAgent.Policy.ExtrinsicReward.mean": {
            "value": -0.9637223217222426,
            "min": -1.054137366659501,
            "max": -0.704416760802269,
            "count": 140
        },
        "PushCollectorAgentvsAgent.IsTraining.mean": {
            "value": 1.0,
            "min": 1.0,
            "max": 1.0,
            "count": 140
        },
        "PushCollectorAgentvsAgent.Losses.ValueLoss.mean": {
            "value": 0.3626157343387604,
            "min": 0.24216443300247192,
            "max": 145.1285858154297,
            "count": 65
        },
        "PushCollectorAgentvsAgent.Losses.PolicyLoss.mean": {
            "value": 0.017482714727520943,
            "min": 0.011822369880974293,
            "max": 0.08878914266824722,
            "count": 65
        },
        "PushCollectorAgentvsAgent.Policy.LearningRate.mean": {
            "value": 0.00030000004335306585,
            "min": 0.0003000000142492354,
            "max": 0.00030000004335306585,
            "count": 65
        },
        "PushCollectorAgentvsAgent.Policy.Epsilon.mean": {
            "value": 0.19999997317790985,
            "min": 0.19999997317790985,
            "max": 0.20000000298023224,
            "count": 65
        },
        "PushCollectorAgentvsAgent.Policy.Beta.mean": {
            "value": 0.004999999422580004,
            "min": 0.004999999422580004,
            "max": 0.004999999888241291,
            "count": 65
        }
    },
    "metadata": {
        "timer_format_version": "0.1.0",
        "start_time_seconds": "1606871270",
        "python_version": "3.7.9 (default, Aug 31 2020, 17:10:11) [MSC v.1916 64 bit (AMD64)]",
        "command_line_arguments": "C:\\Users\\Brian\\anaconda3\\envs\\ml-agents-8\\Scripts\\mlagents-learn pushcollectoragentvsagent.yaml --run-id variation --force",
        "mlagents_version": "0.21.1",
        "mlagents_envs_version": "0.21.1",
        "communication_protocol_version": "1.2.0",
        "tensorflow_version": "2.3.1",
        "numpy_version": "1.19.3",
        "end_time_seconds": "1606873430"
    },
    "total": 2160.3893027999998,
    "count": 1,
    "self": 0.005201599999963946,
    "children": {
        "run_training.setup": {
            "total": 0.007114700000000251,
            "count": 1,
            "self": 0.007114700000000251
        },
        "TrainerController.start_learning": {
            "total": 2160.3769865,
            "count": 1,
            "self": 4.411313399966275,
            "children": {
                "TrainerController._reset_env": {
                    "total": 7.537322600000036,
                    "count": 8,
                    "self": 7.537322600000036
                },
                "TrainerController.advance": {
                    "total": 2148.123220700034,
                    "count": 158943,
                    "self": 1.9578259000927574,
                    "children": {
                        "env_step": {
                            "total": 2146.165394799941,
                            "count": 158943,
                            "self": 1852.578393700004,
                            "children": {
                                "SubprocessEnvManager._take_step": {
                                    "total": 291.49196139996195,
                                    "count": 158943,
                                    "self": 9.766093999918155,
                                    "children": {
                                        "TFPolicy.evaluate": {
                                            "total": 281.7258674000438,
                                            "count": 315904,
                                            "self": 281.7258674000438
                                        }
                                    }
                                },
                                "workers": {
                                    "total": 2.095039699975173,
                                    "count": 158942,
                                    "self": 0.0,
                                    "children": {
                                        "worker_root": {
                                            "total": 2149.0885095999397,
                                            "count": 158942,
                                            "is_parallel": true,
                                            "self": 571.3339294999514,
                                            "children": {
                                                "steps_from_proto": {
                                                    "total": 0.006448700000304619,
                                                    "count": 16,
                                                    "is_parallel": true,
                                                    "self": 0.0018766000000658423,
                                                    "children": {
                                                        "_process_vector_observation": {
                                                            "total": 0.004572100000238777,
                                                            "count": 64,
                                                            "is_parallel": true,
                                                            "self": 0.004572100000238777
                                                        }
                                                    }
                                                },
                                                "UnityEnvironment.step": {
                                                    "total": 1577.748131399988,
                                                    "count": 158942,
                                                    "is_parallel": true,
                                                    "self": 30.15115339995623,
                                                    "children": {
                                                        "UnityEnvironment._generate_step_input": {
                                                            "total": 25.866593000006077,
                                                            "count": 158942,
                                                            "is_parallel": true,
                                                            "self": 25.866593000006077
                                                        },
                                                        "communicator.exchange": {
                                                            "total": 1389.959736000006,
                                                            "count": 158942,
                                                            "is_parallel": true,