{"count":1,"self":3076.8474112,"total":14164.3640211,"children":{"AgentSendState":{"count":2363451,"self":658.6977792,"total":4006.9817791,"children":{"CollectObservations":{"count":20800120,"self":128.38935039999998,"total":128.3893455,"children":null},"CollectDiscreteActionMasks":{"count":20800120,"self":126.2537344,"total":126.2537354,"children":null},"AgentInfo.ToProto":{"count":20800120,"self":307.8570496,"total":3093.6409144,"children":{"GenerateSensorData":{"count":20800120,"self":1134.8230144,"total":2785.7838533999998,"children":{"RayPerceptionSensor.Perceive":{"count":20800120,"self":1650.9608959999998,"total":1650.9608810999998,"children":null}}}}}}},"DecideAction":{"count":2363451,"self":6875.5783679999995,"total":6875.5780015,"children":null},"AgentAct":{"count":2363451,"self":197.03214079999998,"total":199.9759119,"children":{"AgentInfo.ToProto":{"count":16958,"self":0.2902684,"total":2.9437713999999997,"children":{"GenerateSensorData":{"count":16958,"self":1.0733837,"total":2.6535029999999997,"children":{"RayPerceptionSensor.Perceive":{"count":16958,"self":1.5801193,"total":1.5801193,"children":null}}}}}}},"AgentInfo.ToProto":{"count":30570,"self":0.6066173,"total":4.9799742,"children":{"GenerateSensorData":{"count":30570,"self":1.7538399999999998,"total":4.3733569,"children":{"RayPerceptionSensor.Perceive":{"count":30570,"self":2.6195168,"total":2.6195168,"children":null}}}}}},"gauges":{"PushCollectorAgentvsAgent.CumulativeReward":{"count":47528,"max":1.9925,"min":-2.78839135,"runningAverage":-0.04225873,"value":-0.184835151,"weightedAverage":-0.0306531452}},"metadata":{"timer_format_version":"0.1.0","start_time_seconds":"1607378130","unity_version":"2019.3.0f5","command_line_arguments":"C:\\Program Files\\Unity\\Hub\\Editor\\2019.3.0f5\\Editor\\Unity.exe -projectpath C:\/Users\/Brian\/Desktop\/ML Agents Thesis\/Project-Prometheus-Unity -useHub -hubIPC -cloudEnvironment production -hubSessionId bfefae30-38c9-11eb-b995-8149ae0219b4","communication_protocol_version":"1.0.0","com.unity.ml-agents_version":"1.0.5","scene_name":"PushCollectorAgentVsAgent","end_time_seconds":"1607392295"}}