{"count":1,"self":308.69916159999997,"total":1117.5560546,"children":{"AgentSendState":{"count":356317,"self":61.8164928,"total":211.26684079999998,"children":{"CollectObservations":{"count":2280448,"self":15.9891536,"total":15.989153799999999,"children":null},"CollectDiscreteActionMasks":{"count":2280448,"self":10.3540416,"total":10.354041299999999,"children":null},"AgentInfo.ToProto":{"count":2280448,"self":26.185356799999997,"total":123.10715019999999,"children":{"GenerateSensorData":{"count":2280448,"self":46.803824,"total":96.9217929,"children":{"RayPerceptionSensor.Perceive":{"count":2280448,"self":50.117968,"total":50.117968999999995,"children":null}}}}}}},"DecideAction":{"count":356317,"self":573.0769408,"total":573.0769283,"children":null},"AgentAct":{"count":356317,"self":22.4495824,"total":23.8299319,"children":{"AgentInfo.ToProto":{"count":20071,"self":0.26706019999999997,"total":1.380349,"children":{"GenerateSensorData":{"count":20071,"self":0.534638,"total":1.1132887999999999,"children":{"RayPerceptionSensor.Perceive":{"count":20071,"self":0.5786508,"total":0.5786508,"children":null}}}}}}},"AgentInfo.ToProto":{"count":8521,"self":0.170543,"total":0.6821904,"children":{"GenerateSensorData":{"count":8521,"self":0.2550713,"total":0.5116474,"children":{"RayPerceptionSensor.Perceive":{"count":8521,"self":0.2565761,"total":0.2565761,"children":null}}}}}},"gauges":{"PushCollector.CumulativeReward":{"count":28592,"max":5.096755,"min":-4.042226,"runningAverage":1.43875873,"value":0.0156558044,"weightedAverage":2.26099467}},"metadata":{"timer_format_version":"0.1.0","start_time_seconds":"1603244049","unity_version":"2019.3.0f5","command_line_arguments":"C:\\Program Files\\Unity\\Hub\\Editor\\2019.3.0f5\\Editor\\Unity.exe -projectpath C:\/Users\/Brian\/Desktop\/ML Agents Thesis\/Unity\/Project Prometheus -useHub -hubIPC -cloudEnvironment production -hubSessionId 4070c740-1301-11eb-8687-6937df08f028","communication_protocol_version":"1.0.0","com.unity.ml-agents_version":"1.0.5","scene_name":"PushCollector","end_time_seconds":"1603245167"}}