{
    "name": "root",
    "gauges": {
        "PushCollectorEvo.Policy.Entropy.mean": {
            "value": 1.429652214050293,
            "min": 1.4204843044281006,
            "max": 1.429652214050293,
            "count": 2
        },
        "PushCollectorEvo.Policy.ExtrinsicValueEstimate.mean": {
            "value": 2.393653631210327,
            "min": 2.2712180614471436,
            "max": 2.393653631210327,
            "count": 2
        },
        "PushCollectorEvo.Losses.ValueLoss.mean": {
            "value": 0.19987687468528748,
            "min": 0.19987687468528748,
            "max": 0.28637751936912537,
            "count": 2
        },
        "PushCollectorEvo.Losses.PolicyLoss.mean": {
            "value": 0.03516076132655144,
            "min": 0.03516076132655144,
            "max": 0.03538807854056358,
            "count": 2
        },
        "PushCollectorEvo.Policy.LearningRate.mean": {
            "value": 0.00029562515555880964,
            "min": 0.00029562515555880964,
            "max": 0.0002984878374263644,
            "count": 2
        },
        "PushCollectorEvo.Policy.Epsilon.mean": {
            "value": 0.19854170083999634,
            "min": 0.19854170083999634,
            "max": 0.19949595630168915,
            "count": 2
        },
        "PushCollectorEvo.Policy.Beta.mean": {
            "value": 0.009854316711425781,
            "min": 0.009854316711425781,
            "max": 0.009949645027518272,
            "count": 2
        },
        "PushCollectorEvo.Environment.EpisodeLength.mean": {
            "value": 591.1095890410959,
            "min": 591.1095890410959,
            "max": 591.1643835616438,
            "count": 2
        },
        "PushCollectorEvo.Environment.CumulativeReward.mean": {
            "value": -0.863433884839489,
            "min": -0.863433884839489,
            "max": -0.83609141256303,
            "count": 2
        },
        "PushCollectorEvo.Policy.ExtrinsicReward.mean": {
            "value": -0.863433884839489,
            "min": -0.863433884839489,
            "max": -0.83609141256303,
            "count": 2
        },
        "PushCollectorEvo.IsTraining.mean": {
            "value": 1.0,
            "min": 1.0,
            "max": 1.0,
            "count": 2
        }
    },
    "metadata": {
        "timer_format_version": "0.1.0",
        "start_time_seconds": "1604513904",
        "python_version": "3.7.9 (default, Aug 31 2020, 17:10:11) [MSC v.1916 64 bit (AMD64)]",
        "command_line_arguments": "C:\\Users\\Brian\\anaconda3\\envs\\ml-agents-8\\Scripts\\mlagents-learn pushcollectorevo_config.yaml --run-id 512batch4096buffer --force",
        "mlagents_version": "0.21.1",
        "mlagents_envs_version": "0.21.1",
        "communication_protocol_version": "1.2.0",
        "tensorflow_version": "2.3.1",
        "numpy_version": "1.19.3",
        "end_time_seconds": "1604513968"
    },
    "total": 64.19617840000001,
    "count": 1,
    "self": 0.004506300000002739,
    "children": {
        "run_training.setup": {
            "total": 0.0065830000000000055,
            "count": 1,
            "self": 0.0065830000000000055
        },
        "TrainerController.start_learning": {
            "total": 64.1850891,
            "count": 1,
            "self": 0.07953919999982872,
            "children": {
                "TrainerController._reset_env": {
                    "total": 8.0156058,
                    "count": 1,
                    "self": 8.0156058
                },
                "TrainerController.advance": {
                    "total": 55.81756390000018,
                    "count": 3211,
                    "self": 0.03707000000018468,
                    "children": {
                        "env_step": {
                            "total": 55.780493899999996,
                            "count": 3211,
                            "self": 53.13877090000032,
                            "children": {
                                "SubprocessEnvManager._take_step": {
                                    "total": 2.60424039999986,
                                    "count": 3211,
                                    "self": 0.11642229999988096,
                                    "children": {
                                        "TFPolicy.evaluate": {
                                            "total": 2.487818099999979,
                                            "count": 3211,
                                            "self": 2.487818099999979
                                        }
                                    }
                                },
                                "workers": {
                                    "total": 0.037482599999821176,
                                    "count": 3210,
                                    "self": 0.0,
                                    "children": {
                                        "worker_root": {
                                            "total": 56.569359699999936,
                                            "count": 3210,
                                            "is_parallel": true,
                                            "self": 16.3662086,
                                            "children": {
                                                "steps_from_proto": {
                                                    "total": 0.001020599999999483,
                                                    "count": 1,
                                                    "is_parallel": true,
                                                    "self": 9.379999999925559e-05,
                                                    "children": {
                                                        "_process_vector_observation": {
                                                            "total": 0.0009268000000002274,
                                                            "count": 4,
                                                            "is_parallel": true,
                                                            "self": 0.0009268000000002274
                                                        }
                                                    }
                                                },
                                                "UnityEnvironment.step": {
                                                    "total": 40.20213049999994,
                                                    "count": 3210,
                                                    "is_parallel": true,
                                                    "self": 0.8048135000000869,
                                                    "children": {
                                                        "UnityEnvironment._generate_step_input": {
                                                            "total": 0.7877502999999386,
                                                            "count": 3210,
                                                            "is_parallel": true,
                                                            "self": 0.7877502999999386
                                                        },
                                                        "communicator.exchange": {
                                                            "total": 35.37517389999972,
                                                            "count": 3210,
                                                            "is_parallel": true,
                                                            "self": 35.37517389999972
                                                        },
                                                        "steps_from_proto": {
                                                            "total": 3.234392800000185,
                                                            "count": 3210,