{
    "name": "root",
    "gauges": {
        "PushCollectorAgentvsAgent.Policy.Entropy.mean": {
            "value": 1.139067530632019,
            "min": 1.0228772163391113,
            "max": 1.212442398071289,
            "count": 111
        },
        "PushCollectorAgentvsAgent.Environment.EpisodeLength.mean": {
            "value": 476.27027027027026,
            "min": 167.06451612903226,
            "max": 696.1923076923077,
            "count": 111
        },
        "PushCollectorAgentvsAgent.Self-play.ELO.mean": {
            "value": 1121.0667069618848,
            "min": 1121.0667069618848,
            "max": 1202.9941002184064,
            "count": 111
        },
        "PushCollectorAgentvsAgent.Policy.ExtrinsicValueEstimate.mean": {
            "value": 0.021761268377304077,
            "min": -0.06252232939004898,
            "max": 0.12751956284046173,
            "count": 111
        },
        "PushCollectorAgentvsAgent.Environment.CumulativeReward.mean": {
            "value": -0.027539242497261834,
            "min": -0.6631406587548554,
            "max": 1.096805518803497,
            "count": 111
        },
        "PushCollectorAgentvsAgent.Policy.ExtrinsicReward.mean": {
            "value": -0.027539242497261834,
            "min": -0.6631406587548554,
            "max": 1.096805518803497,
            "count": 111
        },
        "PushCollectorAgentvsAgent.IsTraining.mean": {
            "value": 1.0,
            "min": 1.0,
            "max": 1.0,
            "count": 111
        },
        "PushCollectorAgentvsAgent.Losses.ValueLoss.mean": {
            "value": 0.035288549959659576,
            "min": 0.018070491030812263,
            "max": 0.06586901843547821,
            "count": 53
        },
        "PushCollectorAgentvsAgent.Losses.PolicyLoss.mean": {
            "value": 0.01747738942503929,
            "min": 0.012760903686285019,
            "max": 0.021669559180736542,
            "count": 53
        },
        "PushCollectorAgentvsAgent.Policy.LearningRate.mean": {
            "value": 0.00030000004335306585,
            "min": 0.00030000004335306585,
            "max": 0.0003000000724568963,
            "count": 53
        },
        "PushCollectorAgentvsAgent.Policy.Epsilon.mean": {
            "value": 0.19999997317790985,
            "min": 0.19999997317790985,
            "max": 0.19999998807907104,
            "count": 53
        },
        "PushCollectorAgentvsAgent.Policy.Beta.mean": {
            "value": 0.004999999422580004,
            "min": 0.004999999422580004,
            "max": 0.004999999422580004,
            "count": 53
        }
    },
    "metadata": {
        "timer_format_version": "0.1.0",
        "start_time_seconds": "1607310929",
        "python_version": "3.7.9 (default, Aug 31 2020, 17:10:11) [MSC v.1916 64 bit (AMD64)]",
        "command_line_arguments": "C:\\Users\\Brian\\anaconda3\\envs\\ml-agents-8\\Scripts\\mlagents-learn pushcollectoragentvsagent.yaml --run-id raycast-other-agent --resume",
        "mlagents_version": "0.21.1",
        "mlagents_envs_version": "0.21.1",
        "communication_protocol_version": "1.2.0",
        "tensorflow_version": "2.3.1",
        "numpy_version": "1.19.3",
        "end_time_seconds": "1607312284"
    },
    "total": 1354.913706,
    "count": 1,
    "self": 0.005183100000067498,
    "children": {
        "run_training.setup": {
            "total": 0.013238700000000048,
            "count": 1,
            "self": 0.013238700000000048
        },
        "TrainerController.start_learning": {
            "total": 1354.8952841999999,
            "count": 1,
            "self": 1.648074100003214,
            "children": {
                "TrainerController._reset_env": {
                    "total": 8.474763900000095,
                    "count": 7,
                    "self": 8.474763900000095
                },
                "TrainerController.advance": {
                    "total": 1344.4637166999964,
                    "count": 54804,
                    "self": 0.7640759999906095,
                    "children": {
                        "env_step": {
                            "total": 1343.6996407000058,
                            "count": 54804,
                            "self": 1219.315849700017,
                            "children": {
                                "SubprocessEnvManager._take_step": {
                                    "total": 123.60213669997992,
                                    "count": 54804,
                                    "self": 4.1195876999417465,
                                    "children": {
                                        "TFPolicy.evaluate": {
                                            "total": 119.48254900003818,
                                            "count": 104936,
                                            "self": 119.48254900003818
                                        }
                                    }
                                },
                                "workers": {
                                    "total": 0.7816543000089986,
                                    "count": 54803,
                                    "self": 0.0,
                                    "children": {
                                        "worker_root": {
                                            "total": 1346.0290903999937,
                                            "count": 54803,
                                            "is_parallel": true,
                                            "self": 274.78044120000527,
                                            "children": {
                                                "steps_from_proto": {
                                                    "total": 0.01445880000007893,
                                                    "count": 14,
                                                    "is_parallel": true,
                                                    "self": 0.0018706000002941536,
                                                    "children": {
                                                        "_process_vector_observation": {
                                                            "total": 0.012588199999784777,
                                                            "count": 28,
                                                            "is_parallel": true,
                                                            "self": 0.012588199999784777
                                                        }
                                                    }
                                                },
                                                "UnityEnvironment.step": {
                                                    "total": 1071.2341903999884,
                                                    "count": 54803,
                                                    "is_parallel": true,
                                                    "self": 20.15448560001255,
                                                    "children": {
                                                        "UnityEnvironment._generate_step_input": {
                                                            "total": 15.975037099988736,
                                                            "count": 54803,
                                                            "is_parallel": true,
                                                            "self": 15.975037099988736
                                                        },
                                                        "communicator.exchange": {
                                                            "total": 922.0770204999972,
                                                            "count": 54803,
                                                            "is_parallel": true,