{
    "name": "root",
    "gauges": {
        "PushCollectorEvo.Policy.Entropy.mean": {
            "value": 1.3881680965423584,
            "min": 1.3857216835021973,
            "max": 1.4335240125656128,
            "count": 8
        },
        "PushCollectorEvo.Policy.ExtrinsicValueEstimate.mean": {
            "value": -0.09480471163988113,
            "min": -0.21323493123054504,
            "max": 1.5306990146636963,
            "count": 8
        },
        "PushCollectorEvo.Losses.ValueLoss.mean": {
            "value": 0.011691155843436718,
            "min": 0.004669920541346073,
            "max": 0.2230377495288849,
            "count": 8
        },
        "PushCollectorEvo.Losses.PolicyLoss.mean": {
            "value": 0.06964915990829468,
            "min": 0.06831763684749603,
            "max": 0.07147721201181412,
            "count": 8
        },
        "PushCollectorEvo.Policy.LearningRate.mean": {
            "value": 0.0002774795866571367,
            "min": 0.0002774795866571367,
            "max": 0.00029847744735889137,
            "count": 8
        },
        "PushCollectorEvo.Policy.Epsilon.mean": {
            "value": 0.19249318540096283,
            "min": 0.19249318540096283,
            "max": 0.19949248433113098,
            "count": 8
        },
        "PushCollectorEvo.Policy.Beta.mean": {
            "value": 0.009250069037079811,
            "min": 0.009250069037079811,
            "max": 0.009949298575520515,
            "count": 8
        },
        "PushCollectorEvo.Environment.EpisodeLength.mean": {
            "value": 583.418918918919,
            "min": 583.418918918919,
            "max": 599.0,
            "count": 8
        },
        "PushCollectorEvo.Environment.CumulativeReward.mean": {
            "value": -0.7711757673705751,
            "min": -0.9443241622712877,
            "max": -0.7711757673705751,
            "count": 8
        },
        "PushCollectorEvo.Policy.ExtrinsicReward.mean": {
            "value": -0.7711757673705751,
            "min": -0.9443241622712877,
            "max": -0.7711757673705751,
            "count": 8
        },
        "PushCollectorEvo.IsTraining.mean": {
            "value": 1.0,
            "min": 1.0,
            "max": 1.0,
            "count": 8
        }
    },
    "metadata": {
        "timer_format_version": "0.1.0",
        "start_time_seconds": "1604512368",
        "python_version": "3.7.9 (default, Aug 31 2020, 17:10:11) [MSC v.1916 64 bit (AMD64)]",
        "command_line_arguments": "C:\\Users\\Brian\\anaconda3\\envs\\ml-agents-8\\Scripts\\mlagents-learn pushcollectorevo_config.yaml --run-id maxstep3000",
        "mlagents_version": "0.21.1",
        "mlagents_envs_version": "0.21.1",
        "communication_protocol_version": "1.2.0",
        "tensorflow_version": "2.3.1",
        "numpy_version": "1.19.3",
        "end_time_seconds": "1604512569"
    },
    "total": 201.7084664,
    "count": 1,
    "self": 0.004478800000015326,
    "children": {
        "run_training.setup": {
            "total": 0.006439699999999826,
            "count": 1,
            "self": 0.006439699999999826
        },
        "TrainerController.start_learning": {
            "total": 201.6975479,
            "count": 1,
            "self": 0.27836900000050946,
            "children": {
                "TrainerController._reset_env": {
                    "total": 5.2609916,
                    "count": 1,
                    "self": 5.2609916
                },
                "TrainerController.advance": {
                    "total": 195.88456259999947,
                    "count": 11337,
                    "self": 0.13274199999898428,
                    "children": {
                        "env_step": {
                            "total": 195.75182060000049,
                            "count": 11337,
                            "self": 187.65166730000055,
                            "children": {
                                "SubprocessEnvManager._take_step": {
                                    "total": 7.963909199999853,
                                    "count": 11337,
                                    "self": 0.40824060000040774,
                                    "children": {
                                        "TFPolicy.evaluate": {
                                            "total": 7.5556685999994455,
                                            "count": 11334,
                                            "self": 7.5556685999994455
                                        }
                                    }
                                },
                                "workers": {
                                    "total": 0.13624410000008602,
                                    "count": 11336,
                                    "self": 0.0,
                                    "children": {
                                        "worker_root": {
                                            "total": 196.61925569999883,
                                            "count": 11336,
                                            "is_parallel": true,
                                            "self": 52.49908269999892,
                                            "children": {
                                                "steps_from_proto": {
                                                    "total": 0.0011257000000002293,
                                                    "count": 1,
                                                    "is_parallel": true,
                                                    "self": 0.0001243000000004102,
                                                    "children": {
                                                        "_process_vector_observation": {
                                                            "total": 0.001001399999999819,
                                                            "count": 4,
                                                            "is_parallel": true,
                                                            "self": 0.001001399999999819
                                                        }
                                                    }
                                                },
                                                "UnityEnvironment.step": {
                                                    "total": 144.11904729999992,
                                                    "count": 11336,
                                                    "is_parallel": true,
                                                    "self": 3.003465000000631,
                                                    "children": {
                                                        "UnityEnvironment._generate_step_input": {
                                                            "total": 2.9364461000001203,
                                                            "count": 11336,
                                                            "is_parallel": true,
                                                            "self": 2.9364461000001203
                                                        },
                                                        "communicator.exchange": {
                                                            "total": 126.55650659999952,
                                                            "count": 11336,
                                                            "is_parallel": true,
                                                            "self": 126.55650659999952
                                                        },
                                                        "steps_from_proto": {
                                                            "total": 11.62262959999964,
                                                            "count": 11336,