{
    "name": "root",
    "gauges": {
        "PushCollectorAgentvsAgent.Policy.Entropy.mean": {
            "value": 0.9015592932701111,
            "min": 0.39090096950531006,
            "max": 1.4654966592788696,
            "count": 42
        },
        "PushCollectorAgentvsAgent.Policy.ExtrinsicValueEstimate.mean": {
            "value": 6.7243194580078125,
            "min": 1.313507318496704,
            "max": 15.748587608337402,
            "count": 48
        },
        "PushCollectorAgentvsAgent.IsTraining.mean": {
            "value": 1.0,
            "min": 1.0,
            "max": 1.0,
            "count": 48
        },
        "PushCollectorAgentvsAgent.Losses.ValueLoss.mean": {
            "value": 1.965315818786621,
            "min": 0.04760507866740227,
            "max": 124.64258575439453,
            "count": 18
        },
        "PushCollectorAgentvsAgent.Losses.PolicyLoss.mean": {
            "value": 0.022380946204066277,
            "min": 0.013693923130631447,
            "max": 0.14792701601982117,
            "count": 18
        },
        "PushCollectorAgentvsAgent.Policy.LearningRate.mean": {
            "value": 0.0003000000142492354,
            "min": 0.0003000000142492354,
            "max": 0.00030000010156072676,
            "count": 18
        },
        "PushCollectorAgentvsAgent.Policy.Epsilon.mean": {
            "value": 0.20000000298023224,
            "min": 0.19999997317790985,
            "max": 0.20000000298023224,
            "count": 18
        },
        "PushCollectorAgentvsAgent.Policy.Beta.mean": {
            "value": 0.004999999888241291,
            "min": 0.004999998956918716,
            "max": 0.004999999888241291,
            "count": 18
        },
        "PushCollectorAgentvsAgent.Environment.EpisodeLength.mean": {
            "value": 1199.0,
            "min": 657.5,
            "max": 1199.0,
            "count": 25
        },
        "PushCollectorAgentvsAgent.Self-play.ELO.mean": {
            "value": 1156.872485429086,
            "min": 1156.8724854290858,
            "max": 1194.364156378169,
            "count": 25
        },
        "PushCollectorAgentvsAgent.Environment.CumulativeReward.mean": {
            "value": -1.0000000596046448,
            "min": -1.0511957121931987,
            "max": 0.8684999793767929,
            "count": 25
        },
        "PushCollectorAgentvsAgent.Policy.ExtrinsicReward.mean": {
            "value": -1.0000000596046448,
            "min": -1.0511957121931987,
            "max": 0.8684999793767929,
            "count": 25
        }
    },
    "metadata": {
        "timer_format_version": "0.1.0",
        "start_time_seconds": "1607376710",
        "python_version": "3.7.9 (default, Aug 31 2020, 17:10:11) [MSC v.1916 64 bit (AMD64)]",
        "command_line_arguments": "C:\\Users\\Brian\\anaconda3\\envs\\ml-agents-8\\Scripts\\mlagents-learn pushcollectoragentvsagent.yaml --run-id stacked-obs --force",
        "mlagents_version": "0.21.1",
        "mlagents_envs_version": "0.21.1",
        "communication_protocol_version": "1.2.0",
        "tensorflow_version": "2.3.1",
        "numpy_version": "1.19.3",
        "end_time_seconds": "1607377319"
    },
    "total": 608.7447069,
    "count": 1,
    "self": 0.00485070000001997,
    "children": {
        "run_training.setup": {
            "total": 0.0063454000000000566,
            "count": 1,
            "self": 0.0063454000000000566
        },
        "TrainerController.start_learning": {
            "total": 608.7335108,
            "count": 1,
            "self": 0.6645455999961314,
            "children": {
                "TrainerController._reset_env": {
                    "total": 7.250816300000035,
                    "count": 3,
                    "self": 7.250816300000035
                },
                "TrainerController.advance": {
                    "total": 600.4908476000039,
                    "count": 22901,
                    "self": 0.3032985000053259,
                    "children": {
                        "env_step": {
                            "total": 600.1875490999986,
                            "count": 22901,
                            "self": 546.4698484000014,
                            "children": {
                                "SubprocessEnvManager._take_step": {
                                    "total": 53.409769600003784,
                                    "count": 22901,
                                    "self": 1.7006185999992738,
                                    "children": {
                                        "TFPolicy.evaluate": {
                                            "total": 51.70915100000451,
                                            "count": 45746,
                                            "self": 51.70915100000451
                                        }
                                    }
                                },
                                "workers": {
                                    "total": 0.30793109999345347,
                                    "count": 22900,
                                    "self": 0.0,
                                    "children": {
                                        "worker_root": {
                                            "total": 601.7956996999999,
                                            "count": 22900,
                                            "is_parallel": true,
                                            "self": 129.59374560000572,
                                            "children": {
                                                "steps_from_proto": {
                                                    "total": 0.007778200000062796,
                                                    "count": 6,
                                                    "is_parallel": true,
                                                    "self": 0.0008508000001228311,
                                                    "children": {
                                                        "_process_vector_observation": {
                                                            "total": 0.006927399999939965,
                                                            "count": 24,
                                                            "is_parallel": true,
                                                            "self": 0.006927399999939965
                                                        }
                                                    }
                                                },
                                                "UnityEnvironment.step": {
                                                    "total": 472.1941758999941,
                                                    "count": 22900,
                                                    "is_parallel": true,
                                                    "self": 10.987293199985288,
                                                    "children": {
                                                        "UnityEnvironment._generate_step_input": {
                                                            "total": 6.909252800001095,
                                                            "count": 22900,
                                                            "is_parallel": true,
                                                            "self": 6.909252800001095
                                                        },
                                                        "communicator.exchange": {
                                                            "total": 392.81046680000765,
                                                            "count": 22900,
                                                            "is_parallel": true,