{
    "name": "root",
    "gauges": {
        "PushCollector.Policy.Entropy.mean": {
            "value": 1.7517476081848145,
            "min": 1.4189382791519165,
            "max": 1.7517476081848145,
            "count": 118
        },
        "PushCollector.Policy.ExtrinsicValueEstimate.mean": {
            "value": 0.1874087154865265,
            "min": -0.09000727534294128,
            "max": 0.6727209091186523,
            "count": 118
        },
        "PushCollector.IsTraining.mean": {
            "value": 1.0,
            "min": 1.0,
            "max": 1.0,
            "count": 118
        },
        "PushCollector.Losses.ValueLoss.mean": {
            "value": 0.011089459992945194,
            "min": 0.000245835748501122,
            "max": 0.3376500606536865,
            "count": 114
        },
        "PushCollector.Losses.PolicyLoss.mean": {
            "value": 0.024489998817443848,
            "min": 0.015637751668691635,
            "max": 0.031127626076340675,
            "count": 114
        },
        "PushCollector.Policy.LearningRate.mean": {
            "value": 0.0007651171181350946,
            "min": 0.0007651171181350946,
            "max": 0.0009977471781894565,
            "count": 114
        },
        "PushCollector.Policy.Epsilon.mean": {
            "value": 0.1765117347240448,
            "min": 0.1765117347240448,
            "max": 0.19977471232414246,
            "count": 114
        },
        "PushCollector.Policy.Beta.mean": {
            "value": 0.00038490735460072756,
            "min": 0.00038490735460072756,
            "max": 0.0004988961154595017,
            "count": 114
        },
        "PushCollector.Environment.EpisodeLength.mean": {
            "value": 337.6551724137931,
            "min": 293.60714285714283,
            "max": 1999.0,
            "count": 117
        },
        "PushCollector.Environment.CumulativeReward.mean": {
            "value": 1.6975767436148277,
            "min": -0.9997500853302578,
            "max": 2.556014806032181,
            "count": 117
        },
        "PushCollector.Policy.ExtrinsicReward.mean": {
            "value": 1.6975767436148277,
            "min": -0.9997500853302578,
            "max": 2.556014806032181,
            "count": 117
        }
    },
    "metadata": {
        "timer_format_version": "0.1.0",
        "start_time_seconds": "1603225421",
        "python_version": "3.7.9 (default, Aug 31 2020, 17:10:11) [MSC v.1916 64 bit (AMD64)]",
        "command_line_arguments": "C:\\Users\\Brian\\anaconda3\\envs\\ml-agents-1.4\\Scripts\\mlagents-learn ./pushcollector_config.yaml --run-id collectoragent-256 --force",
        "mlagents_version": "0.20.0",
        "mlagents_envs_version": "0.20.0",
        "communication_protocol_version": "1.1.0",
        "tensorflow_version": "2.3.1",
        "numpy_version": "1.19.2",
        "end_time_seconds": "1603226023"
    },
    "total": 602.4598706999999,
    "count": 1,
    "self": 0.004504099999962818,
    "children": {
        "run_training.setup": {
            "total": 0.005137300000000122,
            "count": 1,
            "self": 0.005137300000000122
        },
        "TrainerController.start_learning": {
            "total": 602.4502292999999,
            "count": 1,
            "self": 1.651711499994235,
            "children": {
                "TrainerController._reset_env": {
                    "total": 5.2637107,
                    "count": 1,
                    "self": 5.2637107
                },
                "TrainerController.advance": {
                    "total": 595.2680132000056,
                    "count": 75365,
                    "self": 0.8154523000157496,
                    "children": {
                        "env_step": {
                            "total": 594.4525608999899,
                            "count": 75365,
                            "self": 538.9419452000024,
                            "children": {
                                "SubprocessEnvManager._take_step": {
                                    "total": 54.66141149998474,
                                    "count": 75365,
                                    "self": 2.054419999994309,
                                    "children": {
                                        "TFPolicy.evaluate": {
                                            "total": 52.60699149999043,
                                            "count": 74274,
                                            "self": 52.60699149999043
                                        }
                                    }
                                },
                                "workers": {
                                    "total": 0.8492042000027329,
                                    "count": 75364,
                                    "self": 0.0,
                                    "children": {
                                        "worker_root": {
                                            "total": 596.0513216999934,
                                            "count": 75364,
                                            "is_parallel": true,
                                            "self": 191.58466519998615,
                                            "children": {
                                                "steps_from_proto": {
                                                    "total": 0.0003581999999999752,
                                                    "count": 1,
                                                    "is_parallel": true,
                                                    "self": 9.30999999999571e-05,
                                                    "children": {
                                                        "_process_vector_observation": {
                                                            "total": 0.0002651000000000181,
                                                            "count": 2,
                                                            "is_parallel": true,
                                                            "self": 0.0002651000000000181
                                                        }
                                                    }
                                                },
                                                "UnityEnvironment.step": {
                                                    "total": 404.4662983000073,
                                                    "count": 75364,
                                                    "is_parallel": true,
                                                    "self": 7.794259500018995,
                                                    "children": {
                                                        "UnityEnvironment._generate_step_input": {
                                                            "total": 10.039227099993024,
                                                            "count": 75364,
                                                            "is_parallel": true,
                                                            "self": 10.039227099993024
                                                        },
                                                        "communicator.exchange": {
                                                            "total": 365.0867805999964,
                                                            "count": 75364,
                                                            "is_parallel": true,
                                                            "self": 365.0867805999964
                                                        },
                                                        "steps_from_proto": {
                                                            "total": 21.54603109999887,
                                                            "count": 75364,